[
	{
		"path": "./images/1.jpg",
		"text": "每天早晨，敲醒自己的不是钟声，而是梦想！不是每个人都注定成功，信念就是即使看不到未来，即使看不到希望，也依然相信自己错不了，自己选的人错不了，自己选的人生错不了。有梦想，就能看到未来！各位早安！",
		"title": "宁可输给强大的敌人，不要输给失控的自己。"
	},
	{
		"path": "./images/2.jpg",
		"text": "亲戚有许多好兄弟，平时戏称为马哥，牛哥，等等动物名。一次，有人敲门，那时他儿子尚小，一开门，对着他爸妈就说：爸爸，妈妈，驴来了！"
	},
	{
		"path": "./images/3.jpg",
		"text": "姥姥说：姥爷年轻的时候有一次喝醉把亲戚家的狗背回去了…村里人都知道",
		"title": "每个人都有属于自己的舞台"
	},
	{
		"path": "./images/4.jpg",
		"text": "工作需要经常打电话叫快递收件…… 刚开始：你好 顺丰快递吗？＊＊＊＊2057号＊＊有快件麻烦过来收一下。 两个月后：2057收下快件。 现在 快递员：有快递是吧？一会过去。 我：好……"
	},
	{
		"path": "./images/5.jpg",
		"text": "朋友马上要结婚了，准备送她一个好点的礼物，前段时间一直叫着要华为P9，我一查官网报价3688，都准备咬牙给她买，昨天一问，她要华为P9普拉斯，还要内存高的那个，报价直接是4399，今天想了一天，还是算了，不买了，毕竟人家老公都不操心，我也不费心了",
		"title": "人人都忙于自己的欢喜与悲伤"
	},
	{
		"path": "./images/6.jpg",
		"text": "一男子驾车路过一处偏僻的地方，路边一个精疲力尽的和尚挡住了。和尚说：“施主，能稍我一段路程吗？”，车主问：“你从哪里来，要到哪里去？”和尚说:“我从东土大唐来,要去西天取经。”车主说:“对不起,我是往南走的。”和尚犹豫了一下说:“那先去南海看下观音姐姐。”..."
	},
	{
		"path": "./images/7.jpg",
		"text": "在工厂打暑假工，做礼品袋，每个人都配有一个装不良品的四方形篮子。 因为台面放满了东西，于是我将手机放在了装不良品的那个篮子里，一个路过的妹纸（有点熟）看到，从篮子里捡出我的手机，“哎，这么好的手机怎么就不要呢，算了！没人要我要了。”我一听，向她撒娇要手机，她竟然朝我做鬼脸，硬是不还我，我急中生智，将篮子（空的）扣在她的头上，“那你是我的了，手机也是我的。”最后，手机要回来了，我还多了一个女朋友。",
		"title": "听着别人的故事热血沸腾"
	},
	{
		"path": "./images/8.jpg",
		"text": "我中午吃饭的时候，把芥末挤到一个男生碗里，然后，他哭了，我第一次看到一个男生哭出这么多的表情！",
		"title": " 人生就是一次次欢笑与流泪的过程"
	},
	{
		"path": "./images/9.jpg",
		"text": "昨天回家，吃饭时加上我明明是四人，可我妈只拿了三个碗。当时心想，难道自己长时间在外忙，我妈习惯了我的不存在感！ 眼看着三碗已盛好米饭，正想着起身去拿碗时，我妈把锅往我面前一放说:“用碗吃麻烦，你还是真接用锅吃吧，费事！”亲妈！了解我！！"
	},
	{
		"path": "./images/10.jpg",
		"text": "人生啊 每天有84小时就好了 上8小时班 然后在家玩76小时手机～",
		"title": "哪有一帆风顺的人生"
	},
	{
		"path": "./images/11.jpg",
		"text": "女友跟我讲，大学时宿舍里有个妹子被男朋友甩了，哭了一天一夜，两天没有起床，第三天那妹子突然就下了床，脚一软竟然趴地上了，妹子没有站起来，直接趴地上往阳台那爬去，几个舍友都吓坏了，一起扑上去按住了她，把她拖了回来。妹子无力的挣扎着，哭着说：你们放心吧，不要管我，我就是去阳台看看我叫的外卖来了没有……"
	},
	{
		"path": "./images/12.jpg",
		"text": "闺蜜和男朋友分手了，找我哭诉：男人呐，处对象先让他去家里帮忙干活，看他舍不舍得出力，我交这个男友，我家里的活不出力也就罢了，艹我时也不出力，这样的男人，太TM不负责任啦！分手！"
	},
	{
		"path": "./images/13.jpg",
		"text": "今天去买车，看中一辆三万块的，这时销售员过来说：“三万都花了，不如再加点钱，档次堪比百万豪车。” “加多少？” “加97万。”",
		"title": "人生就像一杯茶，不会苦一辈子"
	},
	{
		"path": "./images/14.jpg",
		"text": "楼主北方人，媳妇也是，我们大学同学，在贵州上的。以上是背景。。。。。上学天天吃米饭，够够的，有天去逛街，发现一家北方饺子馆，激动个半死。点餐的时候服务员问，请问要几两？在我们这边哪论两啊，都论份的。就问，一般两人几两能吃饱啊？她说，八两足够了。我们吃完，看着对方，问，你吃饱了吗？没有。你呢？也没有。服务员！再来八两！到现在我都记得一餐厅的人惊异的眼神和我们吃第二个八两时的心情。关键是还是没饱！想要第三个八两。。。"
	},
	{
		"path": "./images/15.jpg",
		"text": "晚上烧饭的时候切辣椒 结果弄的手火辣辣的疼 百度一下说用醋或者盐洗可以去除 我先用醋 感觉没什么用 然后又用盐 老公正好看到来句 你这是准备做猪蹄？先腌制一下？很好。你晚上准备睡客厅去吧。",
		"title": "哪有一帆风顺的人生"
	},
	{
		"path": "./images/16.jpg",
		"text": "女友开车第一次上路。在一个没有红绿灯的窄十字路口正中间憋死车了，然后起步，憋死，起步，憋死，来回好几次。在四个方向来车急促鸣笛声的影响下，在坐在副驾驶的我的催促下，这货终于……一开车门，自己跑了……"
	},
	{
		"path": "./images/17.jpg",
		"text": "这是什么毛病那?一喝多了就爱干活，拉都拉不住，擦玻璃，拖地，收拾家务，第二天腰酸背痛的..........这不媳妇又弄了几个好菜，喝是不喝那?...........",
		"title": "将一颗花生投到漏斗里"
	},
	{
		"path": "./images/18.jpg",
		"text": "嫂子不舒服去医院，检查结果怀孕了。她直呼不可能，说平常都做措施，可医生也说不会误诊。嫂子说的非常肯定，家人都百思不得其解。直到昨天，我看见六岁的侄子拿着缝衣针，针上穿了几个未拆封的套套，我要不要把真相说出来。。。。",
		"title": "听着别人的故事热血沸腾"
	},
	{
		"path": "./images/19.jpg",
		"text": "以前有个新同事，天天炫耀男朋友给她买的玉手镯，说那手镯要一万多块钱，割————一年后她胖了二三十斤，她男朋友和她分手。想要回手镯，结果悲剧了，手镯取不下来了，为了还手镯她开始减肥，几个月后瘦下来了，她去还手镯，他男朋友说了句，不用还了，我只是想让你减肥而已，不是真的要和你分手。"
	},
	{
		"path": "./images/20.jpg",
		"text": "昨晚跟团暴走 前面是一位美女，我盯住她性感的屁股，不知不觉坚持到最后 扭脸看看旁边，操，都是目不转睛的男人。",
		"title": " 人生就是一次次欢笑与流泪的过程"
	},
	{
		"path": "./images/21.jpg",
		"text": "天气变冷，一天我织了一条围巾送给了我的男神。男神收到以后连连夸我说：'恩，手艺真不错，我很喜欢这个渔网！'‍‍‍‍"
	},
	{
		"path": "./images/22.jpg",
		"text": "单身久了，今天坐地铁 一个妹纸蹭了一下我的肩膀，我连我们的孩子以后考哪个大学都想好了……"
	},
	{
		"path": "./images/23.jpg",
		"text": "小时候家里有根电线 我把插头插到插座里 然后摸了一下电线那感觉那叫一个酥麻… 后来十分怀念那种感觉又摸了一次……我觉得我能活到现在是个奇迹。",
		"title": "听着别人的故事热血沸腾"
	},
	{
		"path": "./images/24.jpg",
		"text": "我一直以为王健林说的先定一个亿的小目标是笑话，直到刚刚看了辽宁运钞车被劫3500万，我才知道有些人是真听进去并且付诸行动了"
	},
	{
		"path": "./images/25.jpg",
		"text": "今刚刚接到一个电话，自称是广西联通的客服。我淡定告诉他:“来电显示你是福建的”对方:“嘟嘟嘟……”",
		"title": " 人生就是一次次欢笑与流泪的过程"
	},
	{
		"path": "./images/26.jpg",
		"text": "每天早晨，敲醒自己的不是钟声，而是梦想！不是每个人都注定成功，信念就是即使看不到未来，即使看不到希望，也依然相信自己错不了，自己选的人错不了，自己选的人生错不了。有梦想，就能看到未来！各位早安！",
		"title": "宁可输给强大的敌人，不要输给失控的自己。"
	},
	{
		"path": "./images/27.jpg",
		"text": "亲戚有许多好兄弟，平时戏称为马哥，牛哥，等等动物名。一次，有人敲门，那时他儿子尚小，一开门，对着他爸妈就说：爸爸，妈妈，驴来了！"
	},
	{
		"path": "./images/28.jpg",
		"text": "姥姥说：姥爷年轻的时候有一次喝醉把亲戚家的狗背回去了…村里人都知道",
		"title": "每个人都有属于自己的舞台"
	},
	{
		"path": "./images/29.jpg",
		"text": "工作需要经常打电话叫快递收件…… 刚开始：你好 顺丰快递吗？＊＊＊＊2057号＊＊有快件麻烦过来收一下。 两个月后：2057收下快件。 现在 快递员：有快递是吧？一会过去。 我：好……"
	},
	{
		"path": "./images/30.jpg",
		"text": "朋友马上要结婚了，准备送她一个好点的礼物，前段时间一直叫着要华为P9，我一查官网报价3688，都准备咬牙给她买，昨天一问，她要华为P9普拉斯，还要内存高的那个，报价直接是4399，今天想了一天，还是算了，不买了，毕竟人家老公都不操心，我也不费心了",
		"title": "人人都忙于自己的欢喜与悲伤"
	},
	{
		"path": "./images/31.jpg",
		"text": "一男子驾车路过一处偏僻的地方，路边一个精疲力尽的和尚挡住了。和尚说：“施主，能稍我一段路程吗？”，车主问：“你从哪里来，要到哪里去？”和尚说:“我从东土大唐来,要去西天取经。”车主说:“对不起,我是往南走的。”和尚犹豫了一下说:“那先去南海看下观音姐姐。”..."
	},
	{
		"path": "./images/32.jpg",
		"text": "在工厂打暑假工，做礼品袋，每个人都配有一个装不良品的四方形篮子。 因为台面放满了东西，于是我将手机放在了装不良品的那个篮子里，一个路过的妹纸（有点熟）看到，从篮子里捡出我的手机，“哎，这么好的手机怎么就不要呢，算了！没人要我要了。”我一听，向她撒娇要手机，她竟然朝我做鬼脸，硬是不还我，我急中生智，将篮子（空的）扣在她的头上，“那你是我的了，手机也是我的。”最后，手机要回来了，我还多了一个女朋友。",
		"title": "听着别人的故事热血沸腾"
	},
	{
		"path": "./images/33.jpg",
		"text": "我中午吃饭的时候，把芥末挤到一个男生碗里，然后，他哭了，我第一次看到一个男生哭出这么多的表情！",
		"title": " 人生就是一次次欢笑与流泪的过程"
	},
	{
		"path": "./images/34.jpg",
		"text": "昨天回家，吃饭时加上我明明是四人，可我妈只拿了三个碗。当时心想，难道自己长时间在外忙，我妈习惯了我的不存在感！ 眼看着三碗已盛好米饭，正想着起身去拿碗时，我妈把锅往我面前一放说:“用碗吃麻烦，你还是真接用锅吃吧，费事！”亲妈！了解我！！"
	},
	{
		"path": "./images/35.jpg",
		"text": "人生啊 每天有84小时就好了 上8小时班 然后在家玩76小时手机～",
		"title": "哪有一帆风顺的人生"
	},
	{
		"path": "./images/36.jpg",
		"text": "女友跟我讲，大学时宿舍里有个妹子被男朋友甩了，哭了一天一夜，两天没有起床，第三天那妹子突然就下了床，脚一软竟然趴地上了，妹子没有站起来，直接趴地上往阳台那爬去，几个舍友都吓坏了，一起扑上去按住了她，把她拖了回来。妹子无力的挣扎着，哭着说：你们放心吧，不要管我，我就是去阳台看看我叫的外卖来了没有……"
	},
	{
		"path": "./images/37.jpg",
		"text": "闺蜜和男朋友分手了，找我哭诉：男人呐，处对象先让他去家里帮忙干活，看他舍不舍得出力，我交这个男友，我家里的活不出力也就罢了，艹我时也不出力，这样的男人，太TM不负责任啦！分手！"
	},
	{
		"path": "./images/38.jpg",
		"text": "今天去买车，看中一辆三万块的，这时销售员过来说：“三万都花了，不如再加点钱，档次堪比百万豪车。” “加多少？” “加97万。”",
		"title": "人生就像一杯茶，不会苦一辈子"
	},
	{
		"path": "./images/39.jpg",
		"text": "楼主北方人，媳妇也是，我们大学同学，在贵州上的。以上是背景。。。。。上学天天吃米饭，够够的，有天去逛街，发现一家北方饺子馆，激动个半死。点餐的时候服务员问，请问要几两？在我们这边哪论两啊，都论份的。就问，一般两人几两能吃饱啊？她说，八两足够了。我们吃完，看着对方，问，你吃饱了吗？没有。你呢？也没有。服务员！再来八两！到现在我都记得一餐厅的人惊异的眼神和我们吃第二个八两时的心情。关键是还是没饱！想要第三个八两。。。"
	},
	{
		"path": "./images/40.jpg",
		"text": "晚上烧饭的时候切辣椒 结果弄的手火辣辣的疼 百度一下说用醋或者盐洗可以去除 我先用醋 感觉没什么用 然后又用盐 老公正好看到来句 你这是准备做猪蹄？先腌制一下？很好。你晚上准备睡客厅去吧。",
		"title": "哪有一帆风顺的人生"
	},
	{
		"path": "./images/41.jpg",
		"text": "女友开车第一次上路。在一个没有红绿灯的窄十字路口正中间憋死车了，然后起步，憋死，起步，憋死，来回好几次。在四个方向来车急促鸣笛声的影响下，在坐在副驾驶的我的催促下，这货终于……一开车门，自己跑了……"
	},
	{
		"path": "./images/42.jpg",
		"text": "这是什么毛病那?一喝多了就爱干活，拉都拉不住，擦玻璃，拖地，收拾家务，第二天腰酸背痛的..........这不媳妇又弄了几个好菜，喝是不喝那?...........",
		"title": "将一颗花生投到漏斗里"
	},
	{
		"path": "./images/43.jpg",
		"text": "嫂子不舒服去医院，检查结果怀孕了。她直呼不可能，说平常都做措施，可医生也说不会误诊。嫂子说的非常肯定，家人都百思不得其解。直到昨天，我看见六岁的侄子拿着缝衣针，针上穿了几个未拆封的套套，我要不要把真相说出来。。。。",
		"title": "听着别人的故事热血沸腾"
	},
	{
		"path": "./images/44.jpg",
		"text": "以前有个新同事，天天炫耀男朋友给她买的玉手镯，说那手镯要一万多块钱，割————一年后她胖了二三十斤，她男朋友和她分手。想要回手镯，结果悲剧了，手镯取不下来了，为了还手镯她开始减肥，几个月后瘦下来了，她去还手镯，他男朋友说了句，不用还了，我只是想让你减肥而已，不是真的要和你分手。"
	},
	{
		"path": "./images/45.jpg",
		"text": "昨晚跟团暴走 前面是一位美女，我盯住她性感的屁股，不知不觉坚持到最后 扭脸看看旁边，操，都是目不转睛的男人。",
		"title": " 人生就是一次次欢笑与流泪的过程"
	},
	{
		"path": "./images/46.jpg",
		"text": "天气变冷，一天我织了一条围巾送给了我的男神。男神收到以后连连夸我说：'恩，手艺真不错，我很喜欢这个渔网！'‍‍‍‍"
	},
	{
		"path": "./images/47.jpg",
		"text": "单身久了，今天坐地铁 一个妹纸蹭了一下我的肩膀，我连我们的孩子以后考哪个大学都想好了……"
	},
	{
		"path": "./images/48.jpg",
		"text": "小时候家里有根电线 我把插头插到插座里 然后摸了一下电线那感觉那叫一个酥麻… 后来十分怀念那种感觉又摸了一次……我觉得我能活到现在是个奇迹。",
		"title": "听着别人的故事热血沸腾"
	},
	{
		"path": "./images/49.jpg",
		"text": "我一直以为王健林说的先定一个亿的小目标是笑话，直到刚刚看了辽宁运钞车被劫3500万，我才知道有些人是真听进去并且付诸行动了"
	},
	{
		"path": "./images/50.jpg",
		"text": "今刚刚接到一个电话，自称是广西联通的客服。我淡定告诉他:“来电显示你是福建的”对方:“嘟嘟嘟……”",
		"title": " 人生就是一次次欢笑与流泪的过程"
	},
	{
		"path": "./images/1.jpg",
		"text": "每天早晨，敲醒自己的不是钟声，而是梦想！不是每个人都注定成功，信念就是即使看不到未来，即使看不到希望，也依然相信自己错不了，自己选的人错不了，自己选的人生错不了。有梦想，就能看到未来！各位早安！",
		"title": "宁可输给强大的敌人，不要输给失控的自己。"
	},
	{
		"path": "./images/2.jpg",
		"text": "亲戚有许多好兄弟，平时戏称为马哥，牛哥，等等动物名。一次，有人敲门，那时他儿子尚小，一开门，对着他爸妈就说：爸爸，妈妈，驴来了！"
	},
	{
		"path": "./images/3.jpg",
		"text": "姥姥说：姥爷年轻的时候有一次喝醉把亲戚家的狗背回去了…村里人都知道",
		"title": "每个人都有属于自己的舞台"
	},
	{
		"path": "./images/4.jpg",
		"text": "工作需要经常打电话叫快递收件…… 刚开始：你好 顺丰快递吗？＊＊＊＊2057号＊＊有快件麻烦过来收一下。 两个月后：2057收下快件。 现在 快递员：有快递是吧？一会过去。 我：好……"
	},
	{
		"path": "./images/5.jpg",
		"text": "朋友马上要结婚了，准备送她一个好点的礼物，前段时间一直叫着要华为P9，我一查官网报价3688，都准备咬牙给她买，昨天一问，她要华为P9普拉斯，还要内存高的那个，报价直接是4399，今天想了一天，还是算了，不买了，毕竟人家老公都不操心，我也不费心了",
		"title": "人人都忙于自己的欢喜与悲伤"
	},
	{
		"path": "./images/6.jpg",
		"text": "一男子驾车路过一处偏僻的地方，路边一个精疲力尽的和尚挡住了。和尚说：“施主，能稍我一段路程吗？”，车主问：“你从哪里来，要到哪里去？”和尚说:“我从东土大唐来,要去西天取经。”车主说:“对不起,我是往南走的。”和尚犹豫了一下说:“那先去南海看下观音姐姐。”..."
	},
	{
		"path": "./images/7.jpg",
		"text": "在工厂打暑假工，做礼品袋，每个人都配有一个装不良品的四方形篮子。 因为台面放满了东西，于是我将手机放在了装不良品的那个篮子里，一个路过的妹纸（有点熟）看到，从篮子里捡出我的手机，“哎，这么好的手机怎么就不要呢，算了！没人要我要了。”我一听，向她撒娇要手机，她竟然朝我做鬼脸，硬是不还我，我急中生智，将篮子（空的）扣在她的头上，“那你是我的了，手机也是我的。”最后，手机要回来了，我还多了一个女朋友。",
		"title": "听着别人的故事热血沸腾"
	},
	{
		"path": "./images/8.jpg",
		"text": "我中午吃饭的时候，把芥末挤到一个男生碗里，然后，他哭了，我第一次看到一个男生哭出这么多的表情！",
		"title": " 人生就是一次次欢笑与流泪的过程"
	},
	{
		"path": "./images/9.jpg",
		"text": "昨天回家，吃饭时加上我明明是四人，可我妈只拿了三个碗。当时心想，难道自己长时间在外忙，我妈习惯了我的不存在感！ 眼看着三碗已盛好米饭，正想着起身去拿碗时，我妈把锅往我面前一放说:“用碗吃麻烦，你还是真接用锅吃吧，费事！”亲妈！了解我！！"
	},
	{
		"path": "./images/10.jpg",
		"text": "人生啊 每天有84小时就好了 上8小时班 然后在家玩76小时手机～",
		"title": "哪有一帆风顺的人生"
	},
	{
		"path": "./images/11.jpg",
		"text": "女友跟我讲，大学时宿舍里有个妹子被男朋友甩了，哭了一天一夜，两天没有起床，第三天那妹子突然就下了床，脚一软竟然趴地上了，妹子没有站起来，直接趴地上往阳台那爬去，几个舍友都吓坏了，一起扑上去按住了她，把她拖了回来。妹子无力的挣扎着，哭着说：你们放心吧，不要管我，我就是去阳台看看我叫的外卖来了没有……"
	},
	{
		"path": "./images/12.jpg",
		"text": "闺蜜和男朋友分手了，找我哭诉：男人呐，处对象先让他去家里帮忙干活，看他舍不舍得出力，我交这个男友，我家里的活不出力也就罢了，艹我时也不出力，这样的男人，太TM不负责任啦！分手！"
	},
	{
		"path": "./images/13.jpg",
		"text": "今天去买车，看中一辆三万块的，这时销售员过来说：“三万都花了，不如再加点钱，档次堪比百万豪车。” “加多少？” “加97万。”",
		"title": "人生就像一杯茶，不会苦一辈子"
	},
	{
		"path": "./images/14.jpg",
		"text": "楼主北方人，媳妇也是，我们大学同学，在贵州上的。以上是背景。。。。。上学天天吃米饭，够够的，有天去逛街，发现一家北方饺子馆，激动个半死。点餐的时候服务员问，请问要几两？在我们这边哪论两啊，都论份的。就问，一般两人几两能吃饱啊？她说，八两足够了。我们吃完，看着对方，问，你吃饱了吗？没有。你呢？也没有。服务员！再来八两！到现在我都记得一餐厅的人惊异的眼神和我们吃第二个八两时的心情。关键是还是没饱！想要第三个八两。。。"
	},
	{
		"path": "./images/15.jpg",
		"text": "晚上烧饭的时候切辣椒 结果弄的手火辣辣的疼 百度一下说用醋或者盐洗可以去除 我先用醋 感觉没什么用 然后又用盐 老公正好看到来句 你这是准备做猪蹄？先腌制一下？很好。你晚上准备睡客厅去吧。",
		"title": "哪有一帆风顺的人生"
	},
	{
		"path": "./images/16.jpg",
		"text": "女友开车第一次上路。在一个没有红绿灯的窄十字路口正中间憋死车了，然后起步，憋死，起步，憋死，来回好几次。在四个方向来车急促鸣笛声的影响下，在坐在副驾驶的我的催促下，这货终于……一开车门，自己跑了……"
	},
	{
		"path": "./images/17.jpg",
		"text": "这是什么毛病那?一喝多了就爱干活，拉都拉不住，擦玻璃，拖地，收拾家务，第二天腰酸背痛的..........这不媳妇又弄了几个好菜，喝是不喝那?...........",
		"title": "将一颗花生投到漏斗里"
	},
	{
		"path": "./images/18.jpg",
		"text": "嫂子不舒服去医院，检查结果怀孕了。她直呼不可能，说平常都做措施，可医生也说不会误诊。嫂子说的非常肯定，家人都百思不得其解。直到昨天，我看见六岁的侄子拿着缝衣针，针上穿了几个未拆封的套套，我要不要把真相说出来。。。。",
		"title": "听着别人的故事热血沸腾"
	},
	{
		"path": "./images/19.jpg",
		"text": "以前有个新同事，天天炫耀男朋友给她买的玉手镯，说那手镯要一万多块钱，割————一年后她胖了二三十斤，她男朋友和她分手。想要回手镯，结果悲剧了，手镯取不下来了，为了还手镯她开始减肥，几个月后瘦下来了，她去还手镯，他男朋友说了句，不用还了，我只是想让你减肥而已，不是真的要和你分手。"
	},
	{
		"path": "./images/20.jpg",
		"text": "昨晚跟团暴走 前面是一位美女，我盯住她性感的屁股，不知不觉坚持到最后 扭脸看看旁边，操，都是目不转睛的男人。",
		"title": " 人生就是一次次欢笑与流泪的过程"
	},
	{
		"path": "./images/21.jpg",
		"text": "天气变冷，一天我织了一条围巾送给了我的男神。男神收到以后连连夸我说：'恩，手艺真不错，我很喜欢这个渔网！'‍‍‍‍"
	},
	{
		"path": "./images/22.jpg",
		"text": "单身久了，今天坐地铁 一个妹纸蹭了一下我的肩膀，我连我们的孩子以后考哪个大学都想好了……"
	},
	{
		"path": "./images/23.jpg",
		"text": "小时候家里有根电线 我把插头插到插座里 然后摸了一下电线那感觉那叫一个酥麻… 后来十分怀念那种感觉又摸了一次……我觉得我能活到现在是个奇迹。",
		"title": "听着别人的故事热血沸腾"
	},
	{
		"path": "./images/24.jpg",
		"text": "我一直以为王健林说的先定一个亿的小目标是笑话，直到刚刚看了辽宁运钞车被劫3500万，我才知道有些人是真听进去并且付诸行动了"
	},
	{
		"path": "./images/25.jpg",
		"text": "今刚刚接到一个电话，自称是广西联通的客服。我淡定告诉他:“来电显示你是福建的”对方:“嘟嘟嘟……”",
		"title": " 人生就是一次次欢笑与流泪的过程"
	},
	{
		"path": "./images/26.jpg",
		"text": "每天早晨，敲醒自己的不是钟声，而是梦想！不是每个人都注定成功，信念就是即使看不到未来，即使看不到希望，也依然相信自己错不了，自己选的人错不了，自己选的人生错不了。有梦想，就能看到未来！各位早安！",
		"title": "宁可输给强大的敌人，不要输给失控的自己。"
	},
	{
		"path": "./images/27.jpg",
		"text": "亲戚有许多好兄弟，平时戏称为马哥，牛哥，等等动物名。一次，有人敲门，那时他儿子尚小，一开门，对着他爸妈就说：爸爸，妈妈，驴来了！"
	},
	{
		"path": "./images/28.jpg",
		"text": "姥姥说：姥爷年轻的时候有一次喝醉把亲戚家的狗背回去了…村里人都知道",
		"title": "每个人都有属于自己的舞台"
	},
	{
		"path": "./images/29.jpg",
		"text": "工作需要经常打电话叫快递收件…… 刚开始：你好 顺丰快递吗？＊＊＊＊2057号＊＊有快件麻烦过来收一下。 两个月后：2057收下快件。 现在 快递员：有快递是吧？一会过去。 我：好……"
	},
	{
		"path": "./images/30.jpg",
		"text": "朋友马上要结婚了，准备送她一个好点的礼物，前段时间一直叫着要华为P9，我一查官网报价3688，都准备咬牙给她买，昨天一问，她要华为P9普拉斯，还要内存高的那个，报价直接是4399，今天想了一天，还是算了，不买了，毕竟人家老公都不操心，我也不费心了",
		"title": "人人都忙于自己的欢喜与悲伤"
	},
	{
		"path": "./images/31.jpg",
		"text": "一男子驾车路过一处偏僻的地方，路边一个精疲力尽的和尚挡住了。和尚说：“施主，能稍我一段路程吗？”，车主问：“你从哪里来，要到哪里去？”和尚说:“我从东土大唐来,要去西天取经。”车主说:“对不起,我是往南走的。”和尚犹豫了一下说:“那先去南海看下观音姐姐。”..."
	},
	{
		"path": "./images/32.jpg",
		"text": "在工厂打暑假工，做礼品袋，每个人都配有一个装不良品的四方形篮子。 因为台面放满了东西，于是我将手机放在了装不良品的那个篮子里，一个路过的妹纸（有点熟）看到，从篮子里捡出我的手机，“哎，这么好的手机怎么就不要呢，算了！没人要我要了。”我一听，向她撒娇要手机，她竟然朝我做鬼脸，硬是不还我，我急中生智，将篮子（空的）扣在她的头上，“那你是我的了，手机也是我的。”最后，手机要回来了，我还多了一个女朋友。",
		"title": "听着别人的故事热血沸腾"
	},
	{
		"path": "./images/33.jpg",
		"text": "我中午吃饭的时候，把芥末挤到一个男生碗里，然后，他哭了，我第一次看到一个男生哭出这么多的表情！",
		"title": " 人生就是一次次欢笑与流泪的过程"
	},
	{
		"path": "./images/34.jpg",
		"text": "昨天回家，吃饭时加上我明明是四人，可我妈只拿了三个碗。当时心想，难道自己长时间在外忙，我妈习惯了我的不存在感！ 眼看着三碗已盛好米饭，正想着起身去拿碗时，我妈把锅往我面前一放说:“用碗吃麻烦，你还是真接用锅吃吧，费事！”亲妈！了解我！！"
	},
	{
		"path": "./images/35.jpg",
		"text": "人生啊 每天有84小时就好了 上8小时班 然后在家玩76小时手机～",
		"title": "哪有一帆风顺的人生"
	},
	{
		"path": "./images/36.jpg",
		"text": "女友跟我讲，大学时宿舍里有个妹子被男朋友甩了，哭了一天一夜，两天没有起床，第三天那妹子突然就下了床，脚一软竟然趴地上了，妹子没有站起来，直接趴地上往阳台那爬去，几个舍友都吓坏了，一起扑上去按住了她，把她拖了回来。妹子无力的挣扎着，哭着说：你们放心吧，不要管我，我就是去阳台看看我叫的外卖来了没有……"
	},
	{
		"path": "./images/37.jpg",
		"text": "闺蜜和男朋友分手了，找我哭诉：男人呐，处对象先让他去家里帮忙干活，看他舍不舍得出力，我交这个男友，我家里的活不出力也就罢了，艹我时也不出力，这样的男人，太TM不负责任啦！分手！"
	},
	{
		"path": "./images/38.jpg",
		"text": "今天去买车，看中一辆三万块的，这时销售员过来说：“三万都花了，不如再加点钱，档次堪比百万豪车。” “加多少？” “加97万。”",
		"title": "人生就像一杯茶，不会苦一辈子"
	},
	{
		"path": "./images/39.jpg",
		"text": "楼主北方人，媳妇也是，我们大学同学，在贵州上的。以上是背景。。。。。上学天天吃米饭，够够的，有天去逛街，发现一家北方饺子馆，激动个半死。点餐的时候服务员问，请问要几两？在我们这边哪论两啊，都论份的。就问，一般两人几两能吃饱啊？她说，八两足够了。我们吃完，看着对方，问，你吃饱了吗？没有。你呢？也没有。服务员！再来八两！到现在我都记得一餐厅的人惊异的眼神和我们吃第二个八两时的心情。关键是还是没饱！想要第三个八两。。。"
	},
	{
		"path": "./images/40.jpg",
		"text": "晚上烧饭的时候切辣椒 结果弄的手火辣辣的疼 百度一下说用醋或者盐洗可以去除 我先用醋 感觉没什么用 然后又用盐 老公正好看到来句 你这是准备做猪蹄？先腌制一下？很好。你晚上准备睡客厅去吧。",
		"title": "哪有一帆风顺的人生"
	},
	{
		"path": "./images/41.jpg",
		"text": "女友开车第一次上路。在一个没有红绿灯的窄十字路口正中间憋死车了，然后起步，憋死，起步，憋死，来回好几次。在四个方向来车急促鸣笛声的影响下，在坐在副驾驶的我的催促下，这货终于……一开车门，自己跑了……"
	},
	{
		"path": "./images/42.jpg",
		"text": "这是什么毛病那?一喝多了就爱干活，拉都拉不住，擦玻璃，拖地，收拾家务，第二天腰酸背痛的..........这不媳妇又弄了几个好菜，喝是不喝那?...........",
		"title": "将一颗花生投到漏斗里"
	},
	{
		"path": "./images/43.jpg",
		"text": "嫂子不舒服去医院，检查结果怀孕了。她直呼不可能，说平常都做措施，可医生也说不会误诊。嫂子说的非常肯定，家人都百思不得其解。直到昨天，我看见六岁的侄子拿着缝衣针，针上穿了几个未拆封的套套，我要不要把真相说出来。。。。",
		"title": "听着别人的故事热血沸腾"
	},
	{
		"path": "./images/44.jpg",
		"text": "以前有个新同事，天天炫耀男朋友给她买的玉手镯，说那手镯要一万多块钱，割————一年后她胖了二三十斤，她男朋友和她分手。想要回手镯，结果悲剧了，手镯取不下来了，为了还手镯她开始减肥，几个月后瘦下来了，她去还手镯，他男朋友说了句，不用还了，我只是想让你减肥而已，不是真的要和你分手。"
	},
	{
		"path": "./images/45.jpg",
		"text": "昨晚跟团暴走 前面是一位美女，我盯住她性感的屁股，不知不觉坚持到最后 扭脸看看旁边，操，都是目不转睛的男人。",
		"title": " 人生就是一次次欢笑与流泪的过程"
	},
	{
		"path": "./images/46.jpg",
		"text": "天气变冷，一天我织了一条围巾送给了我的男神。男神收到以后连连夸我说：'恩，手艺真不错，我很喜欢这个渔网！'‍‍‍‍"
	},
	{
		"path": "./images/47.jpg",
		"text": "单身久了，今天坐地铁 一个妹纸蹭了一下我的肩膀，我连我们的孩子以后考哪个大学都想好了……"
	},
	{
		"path": "./images/48.jpg",
		"text": "小时候家里有根电线 我把插头插到插座里 然后摸了一下电线那感觉那叫一个酥麻… 后来十分怀念那种感觉又摸了一次……我觉得我能活到现在是个奇迹。",
		"title": "听着别人的故事热血沸腾"
	},
	{
		"path": "./images/49.jpg",
		"text": "我一直以为王健林说的先定一个亿的小目标是笑话，直到刚刚看了辽宁运钞车被劫3500万，我才知道有些人是真听进去并且付诸行动了"
	},
	{
		"path": "./images/50.jpg",
		"text": "今刚刚接到一个电话，自称是广西联通的客服。我淡定告诉他:“来电显示你是福建的”对方:“嘟嘟嘟……”",
		"title": " 人生就是一次次欢笑与流泪的过程"
	},
	{
		"path": "./images/1.jpg",
		"text": "每天早晨，敲醒自己的不是钟声，而是梦想！不是每个人都注定成功，信念就是即使看不到未来，即使看不到希望，也依然相信自己错不了，自己选的人错不了，自己选的人生错不了。有梦想，就能看到未来！各位早安！",
		"title": "宁可输给强大的敌人，不要输给失控的自己。"
	},
	{
		"path": "./images/2.jpg",
		"text": "亲戚有许多好兄弟，平时戏称为马哥，牛哥，等等动物名。一次，有人敲门，那时他儿子尚小，一开门，对着他爸妈就说：爸爸，妈妈，驴来了！"
	},
	{
		"path": "./images/3.jpg",
		"text": "姥姥说：姥爷年轻的时候有一次喝醉把亲戚家的狗背回去了…村里人都知道",
		"title": "每个人都有属于自己的舞台"
	},
	{
		"path": "./images/4.jpg",
		"text": "工作需要经常打电话叫快递收件…… 刚开始：你好 顺丰快递吗？＊＊＊＊2057号＊＊有快件麻烦过来收一下。 两个月后：2057收下快件。 现在 快递员：有快递是吧？一会过去。 我：好……"
	},
	{
		"path": "./images/5.jpg",
		"text": "朋友马上要结婚了，准备送她一个好点的礼物，前段时间一直叫着要华为P9，我一查官网报价3688，都准备咬牙给她买，昨天一问，她要华为P9普拉斯，还要内存高的那个，报价直接是4399，今天想了一天，还是算了，不买了，毕竟人家老公都不操心，我也不费心了",
		"title": "人人都忙于自己的欢喜与悲伤"
	},
	{
		"path": "./images/6.jpg",
		"text": "一男子驾车路过一处偏僻的地方，路边一个精疲力尽的和尚挡住了。和尚说：“施主，能稍我一段路程吗？”，车主问：“你从哪里来，要到哪里去？”和尚说:“我从东土大唐来,要去西天取经。”车主说:“对不起,我是往南走的。”和尚犹豫了一下说:“那先去南海看下观音姐姐。”..."
	},
	{
		"path": "./images/7.jpg",
		"text": "在工厂打暑假工，做礼品袋，每个人都配有一个装不良品的四方形篮子。 因为台面放满了东西，于是我将手机放在了装不良品的那个篮子里，一个路过的妹纸（有点熟）看到，从篮子里捡出我的手机，“哎，这么好的手机怎么就不要呢，算了！没人要我要了。”我一听，向她撒娇要手机，她竟然朝我做鬼脸，硬是不还我，我急中生智，将篮子（空的）扣在她的头上，“那你是我的了，手机也是我的。”最后，手机要回来了，我还多了一个女朋友。",
		"title": "听着别人的故事热血沸腾"
	},
	{
		"path": "./images/8.jpg",
		"text": "我中午吃饭的时候，把芥末挤到一个男生碗里，然后，他哭了，我第一次看到一个男生哭出这么多的表情！",
		"title": " 人生就是一次次欢笑与流泪的过程"
	},
	{
		"path": "./images/9.jpg",
		"text": "昨天回家，吃饭时加上我明明是四人，可我妈只拿了三个碗。当时心想，难道自己长时间在外忙，我妈习惯了我的不存在感！ 眼看着三碗已盛好米饭，正想着起身去拿碗时，我妈把锅往我面前一放说:“用碗吃麻烦，你还是真接用锅吃吧，费事！”亲妈！了解我！！"
	},
	{
		"path": "./images/10.jpg",
		"text": "人生啊 每天有84小时就好了 上8小时班 然后在家玩76小时手机～",
		"title": "哪有一帆风顺的人生"
	},
	{
		"path": "./images/11.jpg",
		"text": "女友跟我讲，大学时宿舍里有个妹子被男朋友甩了，哭了一天一夜，两天没有起床，第三天那妹子突然就下了床，脚一软竟然趴地上了，妹子没有站起来，直接趴地上往阳台那爬去，几个舍友都吓坏了，一起扑上去按住了她，把她拖了回来。妹子无力的挣扎着，哭着说：你们放心吧，不要管我，我就是去阳台看看我叫的外卖来了没有……"
	},
	{
		"path": "./images/12.jpg",
		"text": "闺蜜和男朋友分手了，找我哭诉：男人呐，处对象先让他去家里帮忙干活，看他舍不舍得出力，我交这个男友，我家里的活不出力也就罢了，艹我时也不出力，这样的男人，太TM不负责任啦！分手！"
	},
	{
		"path": "./images/13.jpg",
		"text": "今天去买车，看中一辆三万块的，这时销售员过来说：“三万都花了，不如再加点钱，档次堪比百万豪车。” “加多少？” “加97万。”",
		"title": "人生就像一杯茶，不会苦一辈子"
	},
	{
		"path": "./images/14.jpg",
		"text": "楼主北方人，媳妇也是，我们大学同学，在贵州上的。以上是背景。。。。。上学天天吃米饭，够够的，有天去逛街，发现一家北方饺子馆，激动个半死。点餐的时候服务员问，请问要几两？在我们这边哪论两啊，都论份的。就问，一般两人几两能吃饱啊？她说，八两足够了。我们吃完，看着对方，问，你吃饱了吗？没有。你呢？也没有。服务员！再来八两！到现在我都记得一餐厅的人惊异的眼神和我们吃第二个八两时的心情。关键是还是没饱！想要第三个八两。。。"
	},
	{
		"path": "./images/15.jpg",
		"text": "晚上烧饭的时候切辣椒 结果弄的手火辣辣的疼 百度一下说用醋或者盐洗可以去除 我先用醋 感觉没什么用 然后又用盐 老公正好看到来句 你这是准备做猪蹄？先腌制一下？很好。你晚上准备睡客厅去吧。",
		"title": "哪有一帆风顺的人生"
	},
	{
		"path": "./images/16.jpg",
		"text": "女友开车第一次上路。在一个没有红绿灯的窄十字路口正中间憋死车了，然后起步，憋死，起步，憋死，来回好几次。在四个方向来车急促鸣笛声的影响下，在坐在副驾驶的我的催促下，这货终于……一开车门，自己跑了……"
	},
	{
		"path": "./images/17.jpg",
		"text": "这是什么毛病那?一喝多了就爱干活，拉都拉不住，擦玻璃，拖地，收拾家务，第二天腰酸背痛的..........这不媳妇又弄了几个好菜，喝是不喝那?...........",
		"title": "将一颗花生投到漏斗里"
	},
	{
		"path": "./images/18.jpg",
		"text": "嫂子不舒服去医院，检查结果怀孕了。她直呼不可能，说平常都做措施，可医生也说不会误诊。嫂子说的非常肯定，家人都百思不得其解。直到昨天，我看见六岁的侄子拿着缝衣针，针上穿了几个未拆封的套套，我要不要把真相说出来。。。。",
		"title": "听着别人的故事热血沸腾"
	},
	{
		"path": "./images/19.jpg",
		"text": "以前有个新同事，天天炫耀男朋友给她买的玉手镯，说那手镯要一万多块钱，割————一年后她胖了二三十斤，她男朋友和她分手。想要回手镯，结果悲剧了，手镯取不下来了，为了还手镯她开始减肥，几个月后瘦下来了，她去还手镯，他男朋友说了句，不用还了，我只是想让你减肥而已，不是真的要和你分手。"
	},
	{
		"path": "./images/20.jpg",
		"text": "昨晚跟团暴走 前面是一位美女，我盯住她性感的屁股，不知不觉坚持到最后 扭脸看看旁边，操，都是目不转睛的男人。",
		"title": " 人生就是一次次欢笑与流泪的过程"
	},
	{
		"path": "./images/21.jpg",
		"text": "天气变冷，一天我织了一条围巾送给了我的男神。男神收到以后连连夸我说：'恩，手艺真不错，我很喜欢这个渔网！'‍‍‍‍"
	},
	{
		"path": "./images/22.jpg",
		"text": "单身久了，今天坐地铁 一个妹纸蹭了一下我的肩膀，我连我们的孩子以后考哪个大学都想好了……"
	},
	{
		"path": "./images/23.jpg",
		"text": "小时候家里有根电线 我把插头插到插座里 然后摸了一下电线那感觉那叫一个酥麻… 后来十分怀念那种感觉又摸了一次……我觉得我能活到现在是个奇迹。",
		"title": "听着别人的故事热血沸腾"
	},
	{
		"path": "./images/24.jpg",
		"text": "我一直以为王健林说的先定一个亿的小目标是笑话，直到刚刚看了辽宁运钞车被劫3500万，我才知道有些人是真听进去并且付诸行动了"
	},
	{
		"path": "./images/25.jpg",
		"text": "今刚刚接到一个电话，自称是广西联通的客服。我淡定告诉他:“来电显示你是福建的”对方:“嘟嘟嘟……”",
		"title": " 人生就是一次次欢笑与流泪的过程"
	},
	{
		"path": "./images/26.jpg",
		"text": "每天早晨，敲醒自己的不是钟声，而是梦想！不是每个人都注定成功，信念就是即使看不到未来，即使看不到希望，也依然相信自己错不了，自己选的人错不了，自己选的人生错不了。有梦想，就能看到未来！各位早安！",
		"title": "宁可输给强大的敌人，不要输给失控的自己。"
	},
	{
		"path": "./images/27.jpg",
		"text": "亲戚有许多好兄弟，平时戏称为马哥，牛哥，等等动物名。一次，有人敲门，那时他儿子尚小，一开门，对着他爸妈就说：爸爸，妈妈，驴来了！"
	},
	{
		"path": "./images/28.jpg",
		"text": "姥姥说：姥爷年轻的时候有一次喝醉把亲戚家的狗背回去了…村里人都知道",
		"title": "每个人都有属于自己的舞台"
	},
	{
		"path": "./images/29.jpg",
		"text": "工作需要经常打电话叫快递收件…… 刚开始：你好 顺丰快递吗？＊＊＊＊2057号＊＊有快件麻烦过来收一下。 两个月后：2057收下快件。 现在 快递员：有快递是吧？一会过去。 我：好……"
	},
	{
		"path": "./images/30.jpg",
		"text": "朋友马上要结婚了，准备送她一个好点的礼物，前段时间一直叫着要华为P9，我一查官网报价3688，都准备咬牙给她买，昨天一问，她要华为P9普拉斯，还要内存高的那个，报价直接是4399，今天想了一天，还是算了，不买了，毕竟人家老公都不操心，我也不费心了",
		"title": "人人都忙于自己的欢喜与悲伤"
	},
	{
		"path": "./images/31.jpg",
		"text": "一男子驾车路过一处偏僻的地方，路边一个精疲力尽的和尚挡住了。和尚说：“施主，能稍我一段路程吗？”，车主问：“你从哪里来，要到哪里去？”和尚说:“我从东土大唐来,要去西天取经。”车主说:“对不起,我是往南走的。”和尚犹豫了一下说:“那先去南海看下观音姐姐。”..."
	},
	{
		"path": "./images/32.jpg",
		"text": "在工厂打暑假工，做礼品袋，每个人都配有一个装不良品的四方形篮子。 因为台面放满了东西，于是我将手机放在了装不良品的那个篮子里，一个路过的妹纸（有点熟）看到，从篮子里捡出我的手机，“哎，这么好的手机怎么就不要呢，算了！没人要我要了。”我一听，向她撒娇要手机，她竟然朝我做鬼脸，硬是不还我，我急中生智，将篮子（空的）扣在她的头上，“那你是我的了，手机也是我的。”最后，手机要回来了，我还多了一个女朋友。",
		"title": "听着别人的故事热血沸腾"
	},
	{
		"path": "./images/33.jpg",
		"text": "我中午吃饭的时候，把芥末挤到一个男生碗里，然后，他哭了，我第一次看到一个男生哭出这么多的表情！",
		"title": " 人生就是一次次欢笑与流泪的过程"
	},
	{
		"path": "./images/34.jpg",
		"text": "昨天回家，吃饭时加上我明明是四人，可我妈只拿了三个碗。当时心想，难道自己长时间在外忙，我妈习惯了我的不存在感！ 眼看着三碗已盛好米饭，正想着起身去拿碗时，我妈把锅往我面前一放说:“用碗吃麻烦，你还是真接用锅吃吧，费事！”亲妈！了解我！！"
	},
	{
		"path": "./images/35.jpg",
		"text": "人生啊 每天有84小时就好了 上8小时班 然后在家玩76小时手机～",
		"title": "哪有一帆风顺的人生"
	},
	{
		"path": "./images/36.jpg",
		"text": "女友跟我讲，大学时宿舍里有个妹子被男朋友甩了，哭了一天一夜，两天没有起床，第三天那妹子突然就下了床，脚一软竟然趴地上了，妹子没有站起来，直接趴地上往阳台那爬去，几个舍友都吓坏了，一起扑上去按住了她，把她拖了回来。妹子无力的挣扎着，哭着说：你们放心吧，不要管我，我就是去阳台看看我叫的外卖来了没有……"
	},
	{
		"path": "./images/37.jpg",
		"text": "闺蜜和男朋友分手了，找我哭诉：男人呐，处对象先让他去家里帮忙干活，看他舍不舍得出力，我交这个男友，我家里的活不出力也就罢了，艹我时也不出力，这样的男人，太TM不负责任啦！分手！"
	},
	{
		"path": "./images/38.jpg",
		"text": "今天去买车，看中一辆三万块的，这时销售员过来说：“三万都花了，不如再加点钱，档次堪比百万豪车。” “加多少？” “加97万。”",
		"title": "人生就像一杯茶，不会苦一辈子"
	},
	{
		"path": "./images/39.jpg",
		"text": "楼主北方人，媳妇也是，我们大学同学，在贵州上的。以上是背景。。。。。上学天天吃米饭，够够的，有天去逛街，发现一家北方饺子馆，激动个半死。点餐的时候服务员问，请问要几两？在我们这边哪论两啊，都论份的。就问，一般两人几两能吃饱啊？她说，八两足够了。我们吃完，看着对方，问，你吃饱了吗？没有。你呢？也没有。服务员！再来八两！到现在我都记得一餐厅的人惊异的眼神和我们吃第二个八两时的心情。关键是还是没饱！想要第三个八两。。。"
	},
	{
		"path": "./images/40.jpg",
		"text": "晚上烧饭的时候切辣椒 结果弄的手火辣辣的疼 百度一下说用醋或者盐洗可以去除 我先用醋 感觉没什么用 然后又用盐 老公正好看到来句 你这是准备做猪蹄？先腌制一下？很好。你晚上准备睡客厅去吧。",
		"title": "哪有一帆风顺的人生"
	},
	{
		"path": "./images/41.jpg",
		"text": "女友开车第一次上路。在一个没有红绿灯的窄十字路口正中间憋死车了，然后起步，憋死，起步，憋死，来回好几次。在四个方向来车急促鸣笛声的影响下，在坐在副驾驶的我的催促下，这货终于……一开车门，自己跑了……"
	},
	{
		"path": "./images/42.jpg",
		"text": "这是什么毛病那?一喝多了就爱干活，拉都拉不住，擦玻璃，拖地，收拾家务，第二天腰酸背痛的..........这不媳妇又弄了几个好菜，喝是不喝那?...........",
		"title": "将一颗花生投到漏斗里"
	},
	{
		"path": "./images/43.jpg",
		"text": "嫂子不舒服去医院，检查结果怀孕了。她直呼不可能，说平常都做措施，可医生也说不会误诊。嫂子说的非常肯定，家人都百思不得其解。直到昨天，我看见六岁的侄子拿着缝衣针，针上穿了几个未拆封的套套，我要不要把真相说出来。。。。",
		"title": "听着别人的故事热血沸腾"
	},
	{
		"path": "./images/44.jpg",
		"text": "以前有个新同事，天天炫耀男朋友给她买的玉手镯，说那手镯要一万多块钱，割————一年后她胖了二三十斤，她男朋友和她分手。想要回手镯，结果悲剧了，手镯取不下来了，为了还手镯她开始减肥，几个月后瘦下来了，她去还手镯，他男朋友说了句，不用还了，我只是想让你减肥而已，不是真的要和你分手。"
	},
	{
		"path": "./images/45.jpg",
		"text": "昨晚跟团暴走 前面是一位美女，我盯住她性感的屁股，不知不觉坚持到最后 扭脸看看旁边，操，都是目不转睛的男人。",
		"title": " 人生就是一次次欢笑与流泪的过程"
	},
	{
		"path": "./images/46.jpg",
		"text": "天气变冷，一天我织了一条围巾送给了我的男神。男神收到以后连连夸我说：'恩，手艺真不错，我很喜欢这个渔网！'‍‍‍‍"
	},
	{
		"path": "./images/47.jpg",
		"text": "单身久了，今天坐地铁 一个妹纸蹭了一下我的肩膀，我连我们的孩子以后考哪个大学都想好了……"
	},
	{
		"path": "./images/48.jpg",
		"text": "小时候家里有根电线 我把插头插到插座里 然后摸了一下电线那感觉那叫一个酥麻… 后来十分怀念那种感觉又摸了一次……我觉得我能活到现在是个奇迹。",
		"title": "听着别人的故事热血沸腾"
	},
	{
		"path": "./images/49.jpg",
		"text": "我一直以为王健林说的先定一个亿的小目标是笑话，直到刚刚看了辽宁运钞车被劫3500万，我才知道有些人是真听进去并且付诸行动了"
	},
	{
		"path": "./images/50.jpg",
		"text": "今刚刚接到一个电话，自称是广西联通的客服。我淡定告诉他:“来电显示你是福建的”对方:“嘟嘟嘟……”",
		"title": " 人生就是一次次欢笑与流泪的过程"
	}
]